,precision,recall,f1-score,support
0,0.8620689655172413,0.8333333333333334,0.847457627118644,30
1,0.8,0.8333333333333334,0.816326530612245,24
accuracy,0.8333333333333334,0.8333333333333334,0.8333333333333334,0.8333333333333334
macro avg,0.8310344827586207,0.8333333333333334,0.8318920788654445,54
weighted avg,0.8344827586206897,0.8333333333333334,0.8336215842269112,54
